{
	"contactList":[{
		"id":1,
		"firstName":"Sukesh",
		"lastName":"Gopaluni",
		"email":"suk.gop@gmail.com",
		"phone":8762345678,
		"work":2347659900
	},{
		"id":2,
		"firstName":"Naveen",
		"lastName":"Rella",
		"email":"nav.rel@gmail.com",
		"phone":3456542390,
		"work":2773441234
	},{
		"id":3,
		"firstName":"Ram",
		"lastName":"Chow",
		"email":"ram.chow@gmail.com",
		"phone":9544564444,
		"work":2322221236
	},{
		"id":4,
		"firstName":"ravi",
		"lastName":"nalgonda",
		"email":"ravi.nal@gmail.com",
		"phone":9900003245,
		"work":2344442227
	},{
		"id":5,
		"firstName":"arya",
		"lastName":"ayyapa",
		"email":"arya.ayya@gmail.com",
		"phone":8883451111,
		"work":2335556784
	},{
		"id":6,
		"firstName":"tanuj",
		"lastName":"mama",
		"email":"tanu.mam@gmail.com",
		"phone":7542341262,
		"work":2889901654
	}]
}